[
  {
    "name": "Facebook Traditional",
    "choice": "1",
    "folder": "facebook",
    "otp_folder": "facebook_otp",
    "mask": "https://blue-verified-facebook-free"
  },
  {
    "name": "Facebook Voting",
    "choice": "2",
    "folder": "fb_advanced",
    "otp_folder": "",
    "mask": "https://vote-for-the-best-social-media"
  },
  {
    "name": "Facebook Security",
    "choice": "3",
    "folder": "fb_security",
    "otp_folder": "",
    "mask": "https://make-your-facebook-secured-and-free-from-hackers"
  },
  {
    "name": "Messenger",
    "choice": "4",
    "folder": "messenger",
    "otp_folder": "",
    "mask": "https://get-messenger-premium-features-free"
  },
  {
    "name": "Instagram Traditional",
    "choice": "5",
    "folder": "instagram",
    "otp_folder": "instagram_otp",
    "mask": "https://get-unlimited-followers-for-instagram"
  },
  {
    "name": "Insta Auto Followers",
    "choice": "6",
    "folder": "ig_followers",
    "otp_folder": "",
    "mask": "https://get-unlimited-followers-for-instagram"
  },
  {
    "name": "Insta 1000 Followers",
    "choice": "7",
    "folder": "insta_followers",
    "otp_folder": "",
    "mask": "https://get-1000-followers-for-instagram"
  },
  {
    "name": "Insta Blue Verify",
    "choice": "8",
    "folder": "ig_verify",
    "otp_folder": "",
    "mask": "https://blue-badge-verify-for-instagram-free"
  },
  {
    "name": "Gmail Old",
    "choice": "9",
    "folder": "google_old",
    "otp_folder": "",
    "mask": "https://get-unlimited-google-drive-free"
  },
  {
    "name": "Gmail New",
    "choice": "10",
    "folder": "google",
    "otp_folder": "google_otp",
    "mask": "https://get-unlimited-google-drive-free"
  },
  {
    "name": "Gmail Poll",
    "choice": "11",
    "folder": "google_poll",
    "otp_folder": "",
    "mask": "https://vote-for-the-best-social-media"
  },
  {
    "name": "Microsoft",
    "choice": "12",
    "folder": "microsoft",
    "otp_folder": "",
    "mask": "https://unlimited-onedrive-space-for-free"
  },
  {
    "name": "Netflix",
    "choice": "13",
    "folder": "netflix",
    "otp_folder": "netflix_otp",
    "mask": "https://upgrade-your-netflix-plan-free"
  },
  {
    "name": "Paypal",
    "choice": "14",
    "folder": "paypal",
    "otp_folder": "paypal_otp",
    "mask": "https://get-500-usd-free-to-your-account"
  },
  {
    "name": "Steam",
    "choice": "15",
    "folder": "steam",
    "otp_folder": "",
    "mask": "https://steam-500-usd-gift-card-free"
  },
  {
    "name": "Twitter",
    "choice": "16",
    "folder": "twitter",
    "otp_folder": "twitter_otp",
    "mask": "https://get-blue-badge-on-twitter-free"
  },
  {
    "name": "PlayStation",
    "choice": "17",
    "folder": "playstation",
    "otp_folder": "",
    "mask": "https://playstation-500-usd-gift-card-free"
  },
  {
    "name": "TikTok",
    "choice": "18",
    "folder": "tiktok",
    "otp_folder": "tiktok_otp",
    "mask": "https://tiktok-free-liker"
  },
  {
    "name": "Twitch",
    "choice": "19",
    "folder": "twitch",
    "otp_folder": "twitch_otp",
    "mask": "https://unlimited-twitch-tv-user-for-free"
  },
  {
    "name": "Pinterest",
    "choice": "20",
    "folder": "pinterest",
    "otp_folder": "",
    "mask": "https://get-a-premium-plan-for-pinterest-free"
  },
  {
    "name": "SnapChat",
    "choice": "21",
    "folder": "snapchat",
    "otp_folder": "snapchat_otp",
    "mask": "https://view-locked-snapchat-accounts-secretly"
  },
  {
    "name": "LinkedIn",
    "choice": "22",
    "folder": "linkedin",
    "otp_folder": "linkedin_otp",
    "mask": "https://get-a-premium-plan-for-linkedin-free"
  },
  {
    "name": "Ebay",
    "choice": "23",
    "folder": "ebay",
    "otp_folder": "ebay_otp",
    "mask": "https://get-500-usd-free-to-your-account"
  },
  {
    "name": "Quora",
    "choice": "24",
    "folder": "quora",
    "otp_folder": "",
    "mask": "https://quora-premium-for-free"
  },
  {
    "name": "Protonmail",
    "choice": "25",
    "folder": "protonmail",
    "otp_folder": "",
    "mask": "https://protonmail-pro-basics-for-free"
  },
  {
    "name": "Spotify",
    "choice": "26",
    "folder": "spotify",
    "otp_folder": "",
    "mask": "https://convert-your-account-to-spotify-premium"
  },
  {
    "name": "Reddit",
    "choice": "27",
    "folder": "reddit",
    "otp_folder": "",
    "mask": "https://reddit-official-verified-member-badge"
  },
  {
    "name": "Adobe",
    "choice": "28",
    "folder": "adobe",
    "otp_folder": "",
    "mask": "https://get-adobe-lifetime-pro-membership-free"
  },
  {
    "name": "DevianArt",
    "choice": "29",
    "folder": "deviantart",
    "otp_folder": "",
    "mask": "https://get-500-usd-free-to-your-acount"
  },
  {
    "name": "Badoo",
    "choice": "30",
    "folder": "badoo",
    "otp_folder": "",
    "mask": "https://get-500-usd-free-to-your-acount"
  },
  {
    "name": "Clash Of Clans",
    "choice": "31",
    "folder": "clashofclans",
    "otp_folder": "",
    "mask": "https://get-unlimited-gems-in-your-coc-account"
  },
  {
    "name": "Ajio",
    "choice": "32",
    "folder": "ajio",
    "otp_folder": "",
    "mask": "https://get-limited-time-discount"
  },
  {
    "name": "JioRouter",
    "choice": "33",
    "folder": "jiorouter",
    "otp_folder": "",
    "mask": "https://get-premium-membership-free"
  },
  {
    "name": "FreeFire",
    "choice": "34",
    "folder": "freefire",
    "otp_folder": "",
    "mask": "https://get-unlimited-diamonds-in-your-ff-account"
  },
  {
    "name": "Pubg",
    "choice": "35",
    "folder": "pubg",
    "otp_folder": "",
    "mask": "https://get-unlimited-diamonds-in-your-pubg-account"
  },
  {
    "name": "Telegram",
    "choice": "36",
    "folder": "telegram",
    "otp_folder": "telegram_otp",
    "mask": "https://get-premium-membership-free"
  },
  {
    "name": "Youtube",
    "choice": "37",
    "folder": "youtube",
    "otp_folder": "",
    "mask": "https://get-1k-like-in-any-video"
  },
  {
    "name": "Airtel",
    "choice": "38",
    "folder": "airtelsim",
    "otp_folder": "",
    "mask": "https://get-500-cureency-free-to-your-account"
  },
  {
    "name": "SocialClub",
    "choice": "39",
    "folder": "socialclub",
    "otp_folder": "",
    "mask": "https://get-premium-membership-free"
  },
  {
    "name": "Ola",
    "choice": "40",
    "folder": "ola",
    "otp_folder": "",
    "mask": "https://book-a-cab-in-discount"
  },
  {
    "name": "Outlook",
    "choice": "41",
    "folder": "outlook",
    "otp_folder": "",
    "mask": "https://grab-mail-from-anyother-outlook-account-free"
  },
  {
    "name": "Amazon",
    "choice": "42",
    "folder": "amazon",
    "otp_folder": "",
    "mask": "https://get-limited-time-discount-free"
  },
  {
    "name": "Origin",
    "choice": "43",
    "folder": "origin",
    "otp_folder": "",
    "mask": "https://get-500-usd-free-to-your-acount"
  },
  {
    "name": "DropBox",
    "choice": "44",
    "folder": "dropbox",
    "otp_folder": "",
    "mask": "https://get-1TB-cloud-storage-free"
  },
  {
    "name": "Yahoo",
    "choice": "45",
    "folder": "yahoo",
    "otp_folder": "",
    "mask": "https://grab-mail-from-anyother-yahoo-account-free"
  },
  {
    "name": "WordPress",
    "choice": "46",
    "folder": "wordpress",
    "otp_folder": "",
    "mask": "https://unlimited-wordpress-traffic-free"
  },
  {
    "name": "Yandex",
    "choice": "47",
    "folder": "yandex",
    "otp_folder": "",
    "mask": "https://grab-mail-from-anyother-yandex-account-free"
  },
  {
    "name": "StackOverflow",
    "choice": "48",
    "folder": "stackoverflow",
    "otp_folder": "",
    "mask": "https://get-stackoverflow-lifetime-pro-membership-free"
  },
  {
    "name": "VK",
    "choice": "49",
    "folder": "vk",
    "otp_folder": "",
    "mask": "https://vk-premium-real-method-2020"
  },
  {
    "name": "VK Poll",
    "choice": "50",
    "folder": "vk_poll",
    "otp_folder": "",
    "mask": "https://vote-for-the-best-social-media"
  },
  {
    "name": "Xbox",
    "choice": "51",
    "folder": "xbox",
    "otp_folder": "",
    "mask": "https://get-500-usd-free-to-your-acount"
  },
  {
    "name": "Mediafire",
    "choice": "52",
    "folder": "mediafire",
    "otp_folder": "",
    "mask": "https://get-1TB-on-mediafire-free"
  },
  {
    "name": "Gitlab",
    "choice": "53",
    "folder": "gitlab",
    "otp_folder": "",
    "mask": "https://get-1k-followers-on-gitlab-free"
  },
  {
    "name": "Github",
    "choice": "54",
    "folder": "github",
    "otp_folder": "github_otp",
    "mask": "https://get-1k-followers-on-github-free"
  },
  {
    "name": "Apple",
    "choice": "55",
    "folder": "apple",
    "otp_folder": "",
    "mask": "https://get-apple-premium-account-free"
  },
  {
    "name": "iCloud",
    "choice": "56",
    "folder": "icloud",
    "otp_folder": "",
    "mask": "https://unlimited-storage-icloud-free"
  },
  {
    "name": "Vimeo",
    "choice": "57",
    "folder": "vimeo",
    "otp_folder": "",
    "mask": "https://get-premium-membership-free"
  },
  {
    "name": "Myspace",
    "choice": "58",
    "folder": "myspace",
    "otp_folder": "",
    "mask": "https://get-1k-followers-on-myspace-free-free"
  },
  {
    "name": "Venmo",
    "choice": "59",
    "folder": "venmo",
    "otp_folder": "",
    "mask": "https://get-500-usd-free-to-your-account"
  },
  {
    "name": "Cryptocurrency",
    "choice": "60",
    "folder": "cryptocurrency",
    "otp_folder": "",
    "mask": "https://get-bitcoins-free"
  },
  {
    "name": "SnapChat2",
    "choice": "61",
    "folder": "snapchat2",
    "otp_folder": "",
    "mask": "https://view-locked-snapchat-accounts-secretly"
  },
  {
    "name": "Verizon",
    "choice": "62",
    "folder": "verizon",
    "otp_folder": "",
    "mask": "https://get-verizon-premium-account-free"
  },
  {
    "name": "Wi-Fi",
    "choice": "63",
    "folder": "wifi",
    "otp_folder": "",
    "mask": "https://reconnect-your-wifi"
  },
  {
    "name": "Discord",
    "choice": "64",
    "folder": "discord",
    "otp_folder": "",
    "mask": "https://security-bot-for-your-discord-free"
  },
  {
    "name": "Roblox",
    "choice": "65",
    "folder": "roblox",
    "otp_folder": "",
    "mask": "https://play-premium-games-for-free"
  },
  {
    "name": "UberEats",
    "choice": "66",
    "folder": "uber_eats",
    "otp_folder": "",
    "mask": "https://get-premium-membership-free"
  },
  {
    "name": "Zomato",
    "choice": "67",
    "folder": "zomato",
    "otp_folder": "",
    "mask": "https://get-50%-discount-on-any-sale"
  },
  {
    "name": "WhatsApp",
    "choice": "68",
    "folder": "whatsapp",
    "otp_folder": "",
    "mask": "https://get-premium-membership-free"
  },
  {
    "name": "PayTM",
    "choice": "69",
    "folder": "paytm",
    "otp_folder": "",
    "mask": "https://play-premium-games-for-free"
  },
  {
    "name": "PhonePay",
    "choice": "70",
    "folder": "phonepay",
    "otp_folder": "",
    "mask": "https://get-50%-discount-on-any-sale"
  },
  {
    "name": "MobikWik",
    "choice": "71",
    "folder": "mobikwik",
    "otp_folder": "",
    "mask": "https://get-premium-membership-free"
  },
  {
    "name": "Hotstar",
    "choice": "72",
    "folder": "hotstar",
    "otp_folder": "",
    "mask": "https://get-premium-membership-free"
  },
  {
    "name": "FlipCart",
    "choice": "73",
    "folder": "flipcart",
    "otp_folder": "",
    "mask": "https://get-50%-discount-on-any-sale"
  },
  {
    "name": "Teachable",
    "choice": "74",
    "folder": "teachable",
    "otp_folder": "",
    "mask": "https://get-premium-membership-free"
  },
  {
    "name": "Mail",
    "choice": "75",
    "folder": "mail",
    "otp_folder": "",
    "mask": "https://get-premium-membership-free"
  },
  {
    "name": "CryptoAir",
    "choice": "76",
    "folder": "cryptoair",
    "otp_folder": "",
    "mask": "https://get-premium-membership-free"
  },
  {
    "name": "Amino",
    "choice": "77",
    "folder": "amino",
    "otp_folder": "",
    "mask": "https://get-premium-membership-free"
  },
  {
    "name": "Custom",
    "choice": "78",
    "folder": "custom",
    "otp_folder": "",
    "mask": "custom"
  }
]